expected_count,order,source_file,badge_id,asset_path,sha256,size_bytes,width,height,source_zip,source_zip_sha256
22,9,Author_Normal_009.png,author_chars_250k,assets/scout-badges/author_chars_250k.png,01843a0b5a414cb5bce05f7ca356f19290848e942458bdf817086fd394fb3f73,2667027,1254,1254,NOVELIGHT_Author_Normal_30_images.zip,3c8bb8937b71a936f60fbddefe2f87d4a593a0bb759e11fa3d953ea3525480d4
22,10,Author_Normal_010.png,author_chars_500k,assets/scout-badges/author_chars_500k.png,c3811b17b964802de58debca7a8e21f778a102f26e05d032e3165c2f94f4128a,2603717,1254,1254,NOVELIGHT_Author_Normal_30_images.zip,3c8bb8937b71a936f60fbddefe2f87d4a593a0bb759e11fa3d953ea3525480d4
22,11,Author_Normal_011.png,author_completed_001,assets/scout-badges/author_completed_001.png,d3cbf04309cd621e68400ccfa5ff1e52028d0b3a3fbb3a31ba890adfc39e67b5,2456853,1254,1254,NOVELIGHT_Author_Normal_30_images.zip,3c8bb8937b71a936f60fbddefe2f87d4a593a0bb759e11fa3d953ea3525480d4
22,12,Author_Normal_012.png,author_completed_003,assets/scout-badges/author_completed_003.png,8cec0a7e4056016b091f772dd27d8b51ad80b61faab55934ad677abf4c8f54dd,2602858,1254,1254,NOVELIGHT_Author_Normal_30_images.zip,3c8bb8937b71a936f60fbddefe2f87d4a593a0bb759e11fa3d953ea3525480d4
22,13,Author_Normal_013.png,author_completed_005,assets/scout-badges/author_completed_005.png,115ed69cf72b44b74e33fc4c2e7409e7f99778f1dcae27a8c106b71d5e318382,2760449,1254,1254,NOVELIGHT_Author_Normal_30_images.zip,3c8bb8937b71a936f60fbddefe2f87d4a593a0bb759e11fa3d953ea3525480d4
22,14,Author_Normal_014.png,author_novel_002,assets/scout-badges/author_novel_002.png,745d2f8621246bea67a78e3d1bdd6eec018061b2829ed4ea4a530d44f2e4b70a,2728351,1254,1254,NOVELIGHT_Author_Normal_30_images.zip,3c8bb8937b71a936f60fbddefe2f87d4a593a0bb759e11fa3d953ea3525480d4
22,15,Author_Normal_015.png,author_novel_005,assets/scout-badges/author_novel_005.png,3a432553f69580e608bfd19db007415317d982b3ad4ac516cfc1d9baa16632bd,2763774,1254,1254,NOVELIGHT_Author_Normal_30_images.zip,3c8bb8937b71a936f60fbddefe2f87d4a593a0bb759e11fa3d953ea3525480d4
22,16,Author_Normal_016.png,author_novel_010,assets/scout-badges/author_novel_010.png,77f058d90cea373b4ee4a6b3d5cd47b1b7b1b199f97cdd47f65291aef1910b2f,2760718,1254,1254,NOVELIGHT_Author_Normal_30_images.zip,3c8bb8937b71a936f60fbddefe2f87d4a593a0bb759e11fa3d953ea3525480d4
22,17,Author_Normal_017.png,author_unique_reader_010,assets/scout-badges/author_unique_reader_010.png,31c09c3a52512707574ddd7b822a1e719ff80d141c4ca4eaaf6187fca210c2d0,2771184,1254,1254,NOVELIGHT_Author_Normal_30_images.zip,3c8bb8937b71a936f60fbddefe2f87d4a593a0bb759e11fa3d953ea3525480d4
22,18,Author_Normal_018.png,author_unique_reader_050,assets/scout-badges/author_unique_reader_050.png,b0d90c545219b7d48ae173f13982bd7ae3cb3dadca7b42705ad18b2fbad656d6,2610953,1254,1254,NOVELIGHT_Author_Normal_30_images.zip,3c8bb8937b71a936f60fbddefe2f87d4a593a0bb759e11fa3d953ea3525480d4
22,19,Author_Normal_019.png,author_unique_reader_100,assets/scout-badges/author_unique_reader_100.png,76bec398610ea9c751c74a37e5b611515015852552b0bd36e4f5ac86bf1bc822,2648440,1254,1254,NOVELIGHT_Author_Normal_30_images.zip,3c8bb8937b71a936f60fbddefe2f87d4a593a0bb759e11fa3d953ea3525480d4
22,20,Author_Normal_020.png,author_unique_reader_500,assets/scout-badges/author_unique_reader_500.png,7b8754bf42cb58b246e02993abe68fc13f20c3592457f43a9fa4005de813ebad,2681335,1254,1254,NOVELIGHT_Author_Normal_30_images.zip,3c8bb8937b71a936f60fbddefe2f87d4a593a0bb759e11fa3d953ea3525480d4
22,21,Author_Normal_021.png,author_favorite_010,assets/scout-badges/author_favorite_010.png,e72801424d693085908da480f03b2b5143caf7b54de5c5f9533ffe0255d72ccc,2806418,1254,1254,NOVELIGHT_Author_Normal_30_images.zip,3c8bb8937b71a936f60fbddefe2f87d4a593a0bb759e11fa3d953ea3525480d4
22,22,Author_Normal_022.png,author_favorite_050,assets/scout-badges/author_favorite_050.png,6b19b03b17234a72ca9a97cd31abc479038a6a21dc49e2a81434d4bec820e553,2918275,1254,1254,NOVELIGHT_Author_Normal_30_images.zip,3c8bb8937b71a936f60fbddefe2f87d4a593a0bb759e11fa3d953ea3525480d4
22,23,Author_Normal_023.png,author_favorite_100,assets/scout-badges/author_favorite_100.png,af67f55b989e9b9cf12cf77a75584382508cb319aa346de058cd41bccd9cde0e,2862839,1254,1254,NOVELIGHT_Author_Normal_30_images.zip,3c8bb8937b71a936f60fbddefe2f87d4a593a0bb759e11fa3d953ea3525480d4
22,24,Author_Normal_024.png,author_comment_010,assets/scout-badges/author_comment_010.png,98cfbaa33e65698dc254a321193f0ea2747a10879c8050f31d0b9528335899f2,2733524,1254,1254,NOVELIGHT_Author_Normal_30_images.zip,3c8bb8937b71a936f60fbddefe2f87d4a593a0bb759e11fa3d953ea3525480d4
22,25,Author_Normal_025.png,author_comment_050,assets/scout-badges/author_comment_050.png,d56802a2adb089d83f08037e96a51fe4d1281a81ef2a60136d99c85a94ee82f3,2646199,1254,1254,NOVELIGHT_Author_Normal_30_images.zip,3c8bb8937b71a936f60fbddefe2f87d4a593a0bb759e11fa3d953ea3525480d4
22,26,Author_Normal_026.png,author_seed_received_001,assets/scout-badges/author_seed_received_001.png,17358458831af76a3a47cb90d5bc171801103e4c607c1a6528f2cada50a61769,2342864,1254,1254,NOVELIGHT_Author_Normal_30_images.zip,3c8bb8937b71a936f60fbddefe2f87d4a593a0bb759e11fa3d953ea3525480d4
22,27,Author_Normal_027.png,author_seed_received_010,assets/scout-badges/author_seed_received_010.png,7bde60883124c70da72352a132e7e44853fced38f5184b86b4fd98724f1c3695,2488695,1254,1254,NOVELIGHT_Author_Normal_30_images.zip,3c8bb8937b71a936f60fbddefe2f87d4a593a0bb759e11fa3d953ea3525480d4
22,28,Author_Normal_028.png,author_seed_received_050,assets/scout-badges/author_seed_received_050.png,6df6410efa64e19b3407a1036accc4a23407873e7a93be26cfab0e8a4c349d73,2775813,1254,1254,NOVELIGHT_Author_Normal_30_images.zip,3c8bb8937b71a936f60fbddefe2f87d4a593a0bb759e11fa3d953ea3525480d4
22,29,Author_Normal_029.png,author_discovered_plus2_001,assets/scout-badges/author_discovered_plus2_001.png,2f044b87a5b009adea7bbe7718314557932765948bd8e100766b9cdc2d91eb47,2781798,1254,1254,NOVELIGHT_Author_Normal_30_images.zip,3c8bb8937b71a936f60fbddefe2f87d4a593a0bb759e11fa3d953ea3525480d4
22,30,Author_Normal_030.png,author_discovered_plus3_001,assets/scout-badges/author_discovered_plus3_001.png,54a017d60134abb6cab5915594af0bda35beaaf60a535fa9fea0dd8d5e68d4b9,3053751,1254,1254,NOVELIGHT_Author_Normal_30_images.zip,3c8bb8937b71a936f60fbddefe2f87d4a593a0bb759e11fa3d953ea3525480d4
