order,source_file,badge_id,asset_path,sha256,size_bytes,width,height,source_zip,source_zip_sha256
1,Author_Easy_001.png,author_novel_001,assets/scout-badges/author_novel_001.png,407549e1c7261e773ed06377d099af8d377d08f1e028fc63731e4ba926a2e234,2314983,1284,1225,NOVELIGHT_Author_Easy_5_images.zip,2c0287c1fa9aad0c7f7410dca4582df36a968ac0b3a64c1db5f59fda39d716a6
2,Author_Easy_002.png,author_episode_001,assets/scout-badges/author_episode_001.png,2c2e3c6aab341bbc9e2d26c4566231d794e43f857a40decc07bbf2d5bd8f06f7,2437577,1284,1225,NOVELIGHT_Author_Easy_5_images.zip,2c0287c1fa9aad0c7f7410dca4582df36a968ac0b3a64c1db5f59fda39d716a6
3,Author_Easy_003.png,author_reader_001,assets/scout-badges/author_reader_001.png,49ea365e2325391e1f46fbc4d5ef1c5515c3629957f88040fdc0a11364661312,2356028,1284,1225,NOVELIGHT_Author_Easy_5_images.zip,2c0287c1fa9aad0c7f7410dca4582df36a968ac0b3a64c1db5f59fda39d716a6
4,Author_Easy_004.png,author_favorite_001,assets/scout-badges/author_favorite_001.png,21d01cd1fef5ecc4421bf80966f3f2f8e0f1fd1a82f9aa781f563452674319a9,2386217,1284,1225,NOVELIGHT_Author_Easy_5_images.zip,2c0287c1fa9aad0c7f7410dca4582df36a968ac0b3a64c1db5f59fda39d716a6
5,Author_Easy_005.png,author_comment_001,assets/scout-badges/author_comment_001.png,72834126b93bed4b55f0ba826a92dd383c4e9214c4d0dfbeac035a8d56518fd7,2488719,1254,1254,NOVELIGHT_Author_Easy_5_images.zip,2c0287c1fa9aad0c7f7410dca4582df36a968ac0b3a64c1db5f59fda39d716a6
6,Author_Normal_001.png,author_episode_010,assets/scout-badges/author_episode_010.png,cad5b725fbc4d226ef2d843b3b2b1446cdb2607c9e953301b12e89e27c9d6db8,2689157,1254,1254,NOVELIGHT_Author_Normal_30_images.zip,3c8bb8937b71a936f60fbddefe2f87d4a593a0bb759e11fa3d953ea3525480d4
7,Author_Normal_002.png,author_episode_025,assets/scout-badges/author_episode_025.png,8d613142ee4661300d8b6fecfe1796223ee631711f0d07e093f13e456c417e3b,2305218,1291,1218,NOVELIGHT_Author_Normal_30_images.zip,3c8bb8937b71a936f60fbddefe2f87d4a593a0bb759e11fa3d953ea3525480d4
8,Author_Normal_003.png,author_episode_050,assets/scout-badges/author_episode_050.png,116d3752beaf0a72fc930902f58f87eb0c840bbbe4f0402e5c166078af09c346,2546100,1254,1254,NOVELIGHT_Author_Normal_30_images.zip,3c8bb8937b71a936f60fbddefe2f87d4a593a0bb759e11fa3d953ea3525480d4
9,Author_Normal_004.png,author_episode_100,assets/scout-badges/author_episode_100.png,87410964d7ac57856c91aa7d220da32a42f0b6604397fa51458a65a624762bbe,2702246,1254,1254,NOVELIGHT_Author_Normal_30_images.zip,3c8bb8937b71a936f60fbddefe2f87d4a593a0bb759e11fa3d953ea3525480d4
10,Author_Normal_005.png,author_episode_250,assets/scout-badges/author_episode_250.png,652ccbfd558e355a64f4f1907abdf5e6364bda131209ee95c097e624d3dc0701,2728924,1254,1254,NOVELIGHT_Author_Normal_30_images.zip,3c8bb8937b71a936f60fbddefe2f87d4a593a0bb759e11fa3d953ea3525480d4
11,Author_Normal_006.png,author_chars_010k,assets/scout-badges/author_chars_010k.png,7c283e6e3f00e6956f16e335477f1d0680788d5e5efd58e4985f8ac1f53c076d,2618615,1254,1254,NOVELIGHT_Author_Normal_30_images.zip,3c8bb8937b71a936f60fbddefe2f87d4a593a0bb759e11fa3d953ea3525480d4
12,Author_Normal_007.png,author_chars_050k,assets/scout-badges/author_chars_050k.png,705c8fa937bb1094c601a1ad807fd4d757bde84a4bf65c6414d720bff2bd0ec9,2371850,1254,1254,NOVELIGHT_Author_Normal_30_images.zip,3c8bb8937b71a936f60fbddefe2f87d4a593a0bb759e11fa3d953ea3525480d4
13,Author_Normal_008.png,author_chars_100k,assets/scout-badges/author_chars_100k.png,0f709511be4af5c568d84e6aad7b446682d1a7ebddbd09f1166fba48ee19b8c5,2679350,1254,1254,NOVELIGHT_Author_Normal_30_images.zip,3c8bb8937b71a936f60fbddefe2f87d4a593a0bb759e11fa3d953ea3525480d4
