category,number,badge_id,source_file,asset_path,sha256,width,height,source_zip,source_zip_sha256
reader,81,reader_read_500,reader_hard/reader_read_500.png,assets/scout-badges/hard_reader_read_500.png,381701ea4948cd89559acf901bf53dd8e5a3cfab92c2fd7931070698e902418f,1254,1254,NOVELIGHT_HARD_BADGES_25_FINAL.zip,bd82a269fa8f793a1d7489dbf04f11eed9e7669bc203bf9592d3f72245b1a520
reader,82,reader_read_1000,reader_hard/reader_read_1000.png,assets/scout-badges/hard_reader_read_1000.png,6acc76b9219ab24acdd7fc01e50519fb2136ace8d6b199513036bd4da5873fb3,1254,1254,NOVELIGHT_HARD_BADGES_25_FINAL.zip,bd82a269fa8f793a1d7489dbf04f11eed9e7669bc203bf9592d3f72245b1a520
reader,83,reader_new_author_250,reader_hard/reader_new_author_250.png,assets/scout-badges/hard_reader_new_author_250.png,1d93673a1a5e432a16771c335e0f269338380b5132166245b66adcdcf22631f3,1254,1254,NOVELIGHT_HARD_BADGES_25_FINAL.zip,bd82a269fa8f793a1d7489dbf04f11eed9e7669bc203bf9592d3f72245b1a520
reader,84,reader_low_rank_250,reader_hard/reader_low_rank_250.png,assets/scout-badges/hard_reader_low_rank_250.png,5c2df9692ee8eb2bb5e364615e16de44dd3689a3ef0420b23c705dc3d48d4098,1254,1254,NOVELIGHT_HARD_BADGES_25_FINAL.zip,bd82a269fa8f793a1d7489dbf04f11eed9e7669bc203bf9592d3f72245b1a520
reader,85,reader_low_rank_500,reader_hard/reader_low_rank_500.png,assets/scout-badges/hard_reader_low_rank_500.png,160177012df2bbf4760870d0388c48171d55b84e8fe102588ebab5ececd1d687,1254,1254,NOVELIGHT_HARD_BADGES_25_FINAL.zip,bd82a269fa8f793a1d7489dbf04f11eed9e7669bc203bf9592d3f72245b1a520
reader,86,reader_discovery_plus2_050,reader_hard/reader_discovery_plus2_050.png,assets/scout-badges/hard_reader_discovery_plus2_050.png,e33389260e4eeb1d467d4975ff95c267bfbdbac7c88d95b4de352590c279c44f,1254,1254,NOVELIGHT_HARD_BADGES_25_FINAL.zip,bd82a269fa8f793a1d7489dbf04f11eed9e7669bc203bf9592d3f72245b1a520
reader,87,reader_discovery_plus2_100,reader_hard/reader_discovery_plus2_100.png,assets/scout-badges/hard_reader_discovery_plus2_100.png,959bafdbc74a0a01378afa73078e3e1dfd1edd19371ef9fa1beee8c4d64ca1eb,1254,1254,NOVELIGHT_HARD_BADGES_25_FINAL.zip,bd82a269fa8f793a1d7489dbf04f11eed9e7669bc203bf9592d3f72245b1a520
reader,88,reader_discovery_plus3_025,reader_hard/reader_discovery_plus3_025.png,assets/scout-badges/hard_reader_discovery_plus3_025.png,807f14c83dae64e14ea4d76662fde52c752c1e49daf6e883e09d6c6a1a887923,1254,1254,NOVELIGHT_HARD_BADGES_25_FINAL.zip,bd82a269fa8f793a1d7489dbf04f11eed9e7669bc203bf9592d3f72245b1a520
reader,89,reader_discovery_plus3_050,reader_hard/reader_discovery_plus3_050.png,assets/scout-badges/hard_reader_discovery_plus3_050.png,230a7c41ebde838d961e12e88b784b8cc882f5137bdcc3b0f095c22596944b4b,1254,1254,NOVELIGHT_HARD_BADGES_25_FINAL.zip,bd82a269fa8f793a1d7489dbf04f11eed9e7669bc203bf9592d3f72245b1a520
reader,90,reader_discovery_plus4_010,reader_hard/reader_discovery_plus4_010.png,assets/scout-badges/hard_reader_discovery_plus4_010.png,9aa290034f326f244bca75bdd8d2789ac11e5627028af19213818d405e151973,1536,1536,NOVELIGHT_HARD_BADGES_25_FINAL.zip,bd82a269fa8f793a1d7489dbf04f11eed9e7669bc203bf9592d3f72245b1a520
reader,91,reader_discovery_plus4_020,reader_hard/reader_discovery_plus4_020.png,assets/scout-badges/hard_reader_discovery_plus4_020.png,f2d1bfacfbc3451688b4dff788bc2e7f1b96a94a25b4051323cb4b994f10e2e6,1254,1254,NOVELIGHT_HARD_BADGES_25_FINAL.zip,bd82a269fa8f793a1d7489dbf04f11eed9e7669bc203bf9592d3f72245b1a520
reader,92,reader_discovery_plus5_001,reader_hard/reader_discovery_plus5_001.png,assets/scout-badges/hard_reader_discovery_plus5_001.png,7a481eaddd417c87ddfc16fa42facdcd43f2a948ce1d86c2fc3cb831fac2a56a,1254,1254,NOVELIGHT_HARD_BADGES_25_FINAL.zip,bd82a269fa8f793a1d7489dbf04f11eed9e7669bc203bf9592d3f72245b1a520
reader,93,reader_discovery_plus5_003,reader_hard/reader_discovery_plus5_003.png,assets/scout-badges/hard_reader_discovery_plus5_003.png,2fb371c1ac995adc2a8b51c84a890bd08bade64efa845fad7233bbedd60ab579,1254,1254,NOVELIGHT_HARD_BADGES_25_FINAL.zip,bd82a269fa8f793a1d7489dbf04f11eed9e7669bc203bf9592d3f72245b1a520
reader,94,reader_discovery_plus5_010,reader_hard/reader_discovery_plus5_010.png,assets/scout-badges/hard_reader_discovery_plus5_010.png,35a99e1c52f9d60079fdac04451a61026bf209c266e4294a910a6512fe19ce6e,1254,1254,NOVELIGHT_HARD_BADGES_25_FINAL.zip,bd82a269fa8f793a1d7489dbf04f11eed9e7669bc203bf9592d3f72245b1a520
reader,95,reader_nova_010,reader_hard/reader_nova_010.png,assets/scout-badges/hard_reader_nova_010.png,697c2ef7ae9b05ccccd1842fc8ba5346664b2f3577bb599b7332ab7094523a6e,1254,1254,NOVELIGHT_HARD_BADGES_25_FINAL.zip,bd82a269fa8f793a1d7489dbf04f11eed9e7669bc203bf9592d3f72245b1a520
reader,96,reader_nova_025,reader_hard/reader_nova_025.png,assets/scout-badges/hard_reader_nova_025.png,30127a10f22d7a9dd1d4eda9357a00d36780793ef267f51557227a31396efe6f,1254,1254,NOVELIGHT_HARD_BADGES_25_FINAL.zip,bd82a269fa8f793a1d7489dbf04f11eed9e7669bc203bf9592d3f72245b1a520
reader,97,reader_gold_plus5_001,reader_hard/reader_gold_plus5_001.png,assets/scout-badges/hard_reader_gold_plus5_001.png,1027b1e5d947b3e7cce3fc008e0b2830f015692d408cbcbcad2dccfcabbb001b,1254,1254,NOVELIGHT_HARD_BADGES_25_FINAL.zip,bd82a269fa8f793a1d7489dbf04f11eed9e7669bc203bf9592d3f72245b1a520
reader,98,reader_silver_plus5_001,reader_hard/reader_silver_plus5_001.png,assets/scout-badges/hard_reader_silver_plus5_001.png,1db512bb71104f32c741ad9ba82301ef736cceb2ce42817401dbbf5363cf58e9,1254,1254,NOVELIGHT_HARD_BADGES_25_FINAL.zip,bd82a269fa8f793a1d7489dbf04f11eed9e7669bc203bf9592d3f72245b1a520
reader,99,reader_bronze_plus5_001,reader_hard/reader_bronze_plus5_001.png,assets/scout-badges/hard_reader_bronze_plus5_001.png,5de9db741a052ce05cba59acd6366ec87f067bbc671395b3692504671c997f99,1254,1254,NOVELIGHT_HARD_BADGES_25_FINAL.zip,bd82a269fa8f793a1d7489dbf04f11eed9e7669bc203bf9592d3f72245b1a520
reader,100,reader_master_scout,reader_hard/reader_master_scout.png,assets/scout-badges/hard_reader_master_scout.png,ddc6b40f6805f8fc2e379d31f4e3f9ffc284b03ff53b680fa81068ca43772e45,1254,1254,NOVELIGHT_HARD_BADGES_25_FINAL.zip,bd82a269fa8f793a1d7489dbf04f11eed9e7669bc203bf9592d3f72245b1a520
author,36,author_chars_1m,author_hard/author_chars_1m.png,assets/scout-badges/hard_author_chars_1m.png,cff952b10f38136b06ca05648488a454df2c727e1881da5402232789b94ab648,1254,1254,NOVELIGHT_HARD_BADGES_25_FINAL.zip,bd82a269fa8f793a1d7489dbf04f11eed9e7669bc203bf9592d3f72245b1a520
author,37,author_completed_010,author_hard/author_completed_010.png,assets/scout-badges/hard_author_completed_010.png,64c755efff982576678c54b3c4371933fb2a0f911a7fac90eaa190c7911e4ab4,1254,1254,NOVELIGHT_HARD_BADGES_25_FINAL.zip,bd82a269fa8f793a1d7489dbf04f11eed9e7669bc203bf9592d3f72245b1a520
author,38,author_unique_reader_1000,author_hard/author_unique_reader_1000.png,assets/scout-badges/hard_author_unique_reader_1000.png,00f88755ea4c5608dfa00af6375bf1cc96ce030873ab3063716bc66710e5b959,1254,1254,NOVELIGHT_HARD_BADGES_25_FINAL.zip,bd82a269fa8f793a1d7489dbf04f11eed9e7669bc203bf9592d3f72245b1a520
author,39,author_favorite_500,author_hard/author_favorite_500.png,assets/scout-badges/hard_author_favorite_500.png,311bce7c9052e11ad835e9e8e484bad03f5d5fe9dd0834f0953343896c177c1a,1254,1254,NOVELIGHT_HARD_BADGES_25_FINAL.zip,bd82a269fa8f793a1d7489dbf04f11eed9e7669bc203bf9592d3f72245b1a520
author,40,author_discovered_plus2_005,author_hard/author_discovered_plus2_005.png,assets/scout-badges/hard_author_discovered_plus2_005.png,ba9ddd9a0edfca22a91d5de8e58c6b0ed2f76fba5bb1161688d66c7c51ced7b0,1254,1254,NOVELIGHT_HARD_BADGES_25_FINAL.zip,bd82a269fa8f793a1d7489dbf04f11eed9e7669bc203bf9592d3f72245b1a520
